UserU1,password,firstUU,lazylast,home,0
UserU2,password,firstUU,lazylast,home,0
UserU3,password,firstUU,lazylast,home,0
UserU4,password,firstUU,lazylast,home,0
UserU5,password,firstUU,lazylast,home,0
UserU6,password,firstUU,lazylast,home,0
UserU7,password,firstUU,lazylast,home,0
UserU8,password,firstUU,lazylast,home,0
UserU9,password,firstUU,lazylast,home,0
UserU10,password,firstUU,lazylast,home,0
UserU11,password,firstUU,lazylast,home,0
UserU12,password,firstUU,lazylast,home,0
UserU13,password,firstUU,lazylast,home,0
UserU14,password,firstUU,lazylast,home,0
UserU15,password,firstUU,lazylast,home,0
UserU16,password,firstUU,lazylast,home,0
UserU17,password,firstUU,lazylast,home,0
UserU18,password,firstUU,lazylast,home,0
UserU19,password,firstUU,lazylast,home,0
UserU20,password,firstUU,lazylast,home,0
UserU21,password,firstUU,lazylast,home,0
UserU22,password,firstUU,lazylast,home,0
UserU23,password,firstUU,lazylast,home,0
UserU24,password,firstUU,lazylast,home,0
UserU25,password,firstUU,lazylast,home,0
UserU26,password,firstUU,lazylast,home,0
UserU27,password,firstUU,lazylast,home,0
UserU28,password,firstUU,lazylast,home,0
UserU29,password,firstUU,lazylast,home,0
UserU30,password,firstUU,lazylast,home,0
UserU31,password,firstUU,lazylast,home,0
UserU32,password,firstUU,lazylast,home,0
UserU33,password,firstUU,lazylast,home,0
UserU34,password,firstUU,lazylast,home,0
UserU35,password,firstUU,lazylast,home,0
UserU36,password,firstUU,lazylast,home,0
UserU37,password,firstUU,lazylast,home,0
UserU38,password,firstUU,lazylast,home,0
UserU39,password,firstUU,lazylast,home,0
UserU40,password,firstUU,lazylast,home,0
UserU41,password,firstUU,lazylast,home,0
UserU42,password,firstUU,lazylast,home,0
UserU43,password,firstUU,lazylast,home,0
UserU44,password,firstUU,lazylast,home,0
UserU45,password,firstUU,lazylast,home,0
UserU46,password,firstUU,lazylast,home,0
UserU47,password,firstUU,lazylast,home,0
UserU48,password,firstUU,lazylast,home,0
UserU49,password,firstUU,lazylast,home,0
UserU50,password,firstUU,lazylast,home,0
